timestamp,B2,B3,B4,B8,B8A
2018-04-19,884.525,600.275,352.025,277.2,285.22499999999997
2018-04-22,2642.475,2615.5,2899.5249999999996,3569.25,4390.474999999999
2018-04-24,929.125,605.625,363.0,332.775,359.47499999999997
2018-04-27,8697.775,8213.949999999999,8790.324999999999,8798.824999999999,9090.05
2018-04-29,5462.45,5008.45,5290.75,5776.75,6108.549999999999
2018-05-02,912.125,620.3249999999999,379.0,235.575,266.125
2018-05-04,7451.575,6953.25,7444.05,7752.375,7947.349999999999
2018-05-07,4460.7,4053.0249999999996,4191.025,4905.4,5090.525
2018-05-09,6676.125,6124.099999999999,6549.599999999999,7225.825,7560.724999999999
2018-05-12,3312.9249999999997,2909.575,2977.4249999999997,3494.625,3586.1
2018-05-14,1386.1,930.425,680.675,688.2,646.4
2018-05-17,918.0,584.75,330.925,226.525,233.15
2018-05-19,873.65,526.275,313.25,212.7,216.725
2018-05-22,932.9,575.8,346.725,231.9,237.25
2018-05-24,1046.8,679.025,409.92499999999995,260.65,239.8
2018-05-27,1740.8,1382.95,1263.525,1810.7749999999999,2025.7749999999999
2018-05-29,1053.725,664.175,389.34999999999997,268.525,271.34999999999997
2018-06-01,1086.375,664.5749999999999,388.325,267.55,253.99999999999997
2018-06-03,1914.725,1449.925,1246.225,1559.925,1664.325
2018-06-06,1995.4499999999998,1562.925,1532.0749999999998,2351.675,3341.1249999999995
2018-06-08,2687.85,2303.75,2310.525,2787.2999999999997,2803.35
2018-06-11,5199.099999999999,4570.05,4890.9,5219.375,5357.4
2018-06-13,1116.2,657.675,375.9,249.42499999999998,222.2
2018-06-16,4763.2,4213.5,4516.0,5493.6,5451.25
2018-06-18,1092.275,650.525,391.34999999999997,282.09999999999997,271.325
2018-06-21,1027.95,609.525,364.34999999999997,253.79999999999998,267.1
2018-06-23,8026.55,7071.475,7746.375,8171.325,8176.874999999999
2018-06-26,1062.675,655.25,398.2,238.825,258.425
2018-06-28,1097.9,665.65,399.05,268.02500000000003,281.95
2018-07-01,8111.2,7311.974999999999,8252.449999999999,9129.949999999999,9618.775
2018-07-03,5573.35,4995.425,5295.974999999999,5601.95,5746.75
2018-07-06,1040.65,618.5749999999999,368.97499999999997,243.65,253.54999999999998
2018-07-08,1054.875,636.975,380.875,269.15,280.0
2018-07-11,1048.6,634.9499999999999,368.525,241.79999999999998,225.975
2018-07-13,1082.15,665.125,376.29999999999995,234.77499999999998,267.9
2018-07-16,982.125,592.35,357.05,235.275,232.89999999999998
2018-07-18,1042.0249999999999,631.575,377.5,254.75,256.825
2018-07-21,975.425,615.725,372.325,237.825,249.975
2018-07-23,1203.8999999999999,764.8249999999999,475.375,296.95,280.675
2018-07-26,955.05,590.275,358.25,230.9,222.35
2018-07-28,2574.1749999999997,2181.85,2235.175,3097.575,3176.225
2018-07-31,1260.7,887.3249999999999,726.875,763.475,753.55
2018-08-02,2910.0,2664.6749999999997,2850.125,4183.2,4614.0
2018-08-05,1233.0,872.3249999999999,702.55,922.925,1039.65
2018-08-07,5925.425,5420.175,5877.95,6323.525,6584.099999999999
2018-08-10,882.8249999999999,541.8,321.05,236.575,264.7
2018-08-12,5422.875,4937.675,5244.675,5814.25,6043.8
2018-08-15,2795.025,2877.6499999999996,3572.7999999999997,3732.95,6164.15
2018-08-17,904.3499999999999,553.65,325.625,240.4,234.7
2018-08-20,934.1,617.5,450.375,476.45,528.675
2018-08-22,900.25,556.725,328.59999999999997,227.77499999999998,242.25
2018-08-25,824.85,525.525,305.25,217.375,256.175
2018-08-27,4920.3,4351.975,4576.9,4809.65,5024.525
2018-08-30,880.375,561.75,358.05,282.775,304.9
2018-09-01,4898.75,4383.05,4617.0,4900.425,5099.3
2018-09-04,2838.15,2540.4249999999997,2526.825,4032.5499999999997,3864.0249999999996
2018-09-06,907.0999999999999,606.025,358.59999999999997,270.075,266.975
2018-09-09,5587.599999999999,5046.625,5509.025,5848.85,6307.4
2018-09-11,973.7249999999999,673.65,422.29999999999995,378.3,387.575
2018-09-14,767.3249999999999,501.45,283.5,227.5,243.225
2018-09-16,6206.525,5707.875,6058.4,6517.425,7038.650000000001
2018-09-19,4715.125,4317.625,4460.25,5349.225,5382.55
2018-09-21,808.5749999999999,537.425,307.225,262.75,244.62499999999997
2018-09-24,721.175,464.4,270.125,212.17499999999998,222.02499999999998
2018-09-26,798.5,534.925,304.625,280.175,289.175
2018-09-29,4931.65,4513.075,4757.5,5414.575,5771.799999999999
2018-10-01,4966.2,4766.65,5083.099999999999,6419.9,6772.275
2018-10-04,1227.05,874.0,660.125,693.225,807.525
2018-10-06,734.225,466.34999999999997,259.65,240.875,223.25
2018-10-09,2268.0249999999996,2064.5,2001.5749999999998,2991.6,3177.775
2018-10-11,7435.325,6834.625,7222.849999999999,7495.2,7697.375
2018-10-14,855.25,580.85,344.425,312.025,324.175
2018-10-16,7881.05,7246.3,7614.974999999999,7820.525,8017.75
2018-10-19,1926.175,1792.225,1593.6999999999998,2962.7,2820.7
2018-10-21,779.8,517.525,291.2,268.15,284.85
2018-10-24,8546.125,7946.575,8360.25,8501.875,8739.275
2018-10-26,777.1,523.95,318.0,337.79999999999995,349.67499999999995
2018-10-29,6398.075,6024.45,6412.15,7070.525,7357.825
2018-10-31,1334.425,1121.325,931.75,1599.425,1336.725
2018-11-03,845.425,660.4499999999999,399.42499999999995,328.575,348.2
2018-11-05,758.15,523.175,297.375,283.75,298.47499999999997
2018-11-08,9025.375,8416.8,8916.3,8888.0,9186.175
2018-11-10,932.875,845.55,505.075,254.27499999999998,255.1
2018-11-13,716.025,532.225,285.84999999999997,217.04999999999998,241.54999999999998
2018-11-15,2813.525,2554.25,2444.7,3305.85,3453.075
2018-11-18,3043.85,2649.275,2542.375,2747.875,3162.9
2018-11-20,4208.599999999999,3979.95,4071.625,5271.15,5633.2
2018-11-23,7343.599999999999,6868.7,7190.599999999999,7361.099999999999,7900.0
2018-11-25,6395.65,6096.9,6428.2,6787.7,7315.724999999999
2018-11-28,5538.35,5119.025,5152.974999999999,5570.45,5672.15
2018-11-30,8004.95,7705.9,8194.05,8258.6,8964.6
2018-12-03,743.5749999999999,590.9,344.525,228.7,237.0
2018-12-05,1188.675,1047.825,892.55,1093.8,1662.2749999999999
2018-12-08,6101.275,5806.5,5953.325,6699.2,6778.275
2018-12-10,6826.525,6472.575,6688.099999999999,6991.575,7377.549999999999
2018-12-13,2457.2999999999997,2427.15,2406.075,3448.325,3892.275
2018-12-15,5927.625,5663.5,5911.25,6255.474999999999,6698.625
2018-12-18,6921.4,6535.425,6817.125,6977.875,7465.575
2018-12-20,2127.775,1996.7749999999999,1946.3249999999998,3121.15,3628.6
2018-12-23,654.4,449.85,246.025,194.6,216.27499999999998
2018-12-25,7954.749999999999,7546.499999999999,7853.425,7863.375,8293.35
2018-12-28,662.25,437.625,252.95,207.3,240.925
2018-12-30,739.175,488.45,278.59999999999997,239.725,238.32500000000002
2019-01-02,728.725,524.4749999999999,353.34999999999997,304.275,354.525
2019-01-04,719.5,481.92499999999995,271.475,278.17499999999995,288.84999999999997
2019-01-07,748.925,502.65,288.22499999999997,253.775,271.97499999999997
2019-01-09,3834.4,3498.5249999999996,3495.0,3892.775,4319.8
2019-01-12,7544.499999999999,7165.025,7477.125,7895.299999999999,7870.025
2019-01-14,3117.9249999999997,2813.95,2725.325,3572.875,3734.325
2019-01-17,4956.55,4759.2,5012.15,5702.325,6198.9
2019-01-19,730.95,489.09999999999997,271.125,215.175,216.825
2019-01-22,798.275,607.625,374.09999999999997,299.925,325.425
2019-01-24,2857.525,2258.95,2273.875,4312.5,4736.425
2019-01-27,2913.85,2760.375,2822.1,3425.1,3880.6499999999996
2019-01-29,1636.25,1422.05,1259.0,1805.475,1962.1
2019-02-01,705.85,494.875,290.175,248.25,250.775
2019-02-03,747.125,523.05,300.35,248.24999999999997,247.825
2019-02-06,4161.575,3955.75,4173.85,4867.45,5221.15
2019-02-08,758.25,521.175,293.5,231.54999999999998,238.05
2019-02-11,683.675,484.875,270.65,201.325,222.99999999999997
2019-02-13,2734.2999999999997,2516.225,2480.25,3210.125,3358.375
2019-02-16,715.675,486.675,287.625,219.15,231.99999999999997
2019-02-18,920.975,697.025,494.025,552.55,570.05
2019-02-21,3425.875,3214.125,3383.525,3880.2999999999997,4308.45
2019-02-23,5341.375,4993.15,5293.125,5676.75,6064.15
2019-02-26,780.125,553.375,337.45,269.7,295.25
2019-02-28,778.3,530.65,297.75,218.5,232.1
2019-03-03,785.025,581.075,356.325,301.25,295.3
2019-03-05,940.4,696.975,440.325,400.05,401.025
2019-03-08,752.35,549.875,328.84999999999997,246.35,276.95
2019-03-10,2437.975,2168.025,2094.875,2580.7,2673.375
2019-03-13,6074.5,5651.599999999999,5895.6,5951.5,6197.7
2019-03-15,4226.325,3996.825,4167.224999999999,4326.95,4816.55
2019-03-18,5592.85,5298.775,5599.525,5497.2,6174.7
2019-03-20,4190.224999999999,4048.7749999999996,4313.5,4612.425,5088.2
2019-03-23,761.025,533.125,301.375,197.45,234.65
2019-03-25,2017.25,1863.6999999999998,1661.8999999999999,1976.4499999999998,2549.15
2019-03-28,876.9749999999999,639.775,391.975,306.45,312.95
2019-03-30,869.0999999999999,621.9,364.85,213.25,248.075
2019-04-02,795.1,583.825,340.075,193.725,220.45
2019-04-04,2256.275,1918.625,1862.8249999999998,2349.5,2509.2
2019-04-07,826.8,583.35,340.575,246.5,232.54999999999998
2019-04-09,2775.375,2528.75,2529.55,3047.325,3332.275
2019-04-12,819.725,576.675,325.47499999999997,186.5,221.04999999999998
2019-04-14,938.625,639.65,393.275,269.97499999999997,252.425
2019-04-17,4654.65,4326.599999999999,4655.275,4795.525,5029.325
2019-04-19,1043.7,712.675,474.875,439.825,420.075
2019-04-22,858.275,596.525,324.8,204.025,219.4
2019-04-24,1093.575,805.925,519.825,398.15,393.475
2019-04-27,4108.375,3766.1749999999997,3848.25,4553.275,4513.8
2019-04-29,925.75,609.5749999999999,346.95,192.75,218.825
2019-05-02,876.3249999999999,579.15,329.05,221.075,226.075
2019-05-04,6309.525,5848.125,6213.474999999999,6681.674999999999,6942.2
2019-05-07,4680.25,4483.724999999999,4746.8,5320.650000000001,5558.575
2019-05-09,933.0,577.6,317.65,197.45,220.125
2019-05-12,875.3249999999999,558.05,313.025,207.4,211.85
2019-05-14,3999.6749999999997,3636.8999999999996,3824.325,4436.275,4759.924999999999
2019-05-17,1263.425,956.225,888.525,834.0,1422.8999999999999
2019-05-19,993.1999999999999,627.525,357.25,221.175,243.29999999999998
2019-05-22,941.6999999999999,593.35,332.84999999999997,218.175,210.25
2019-05-24,1330.925,915.475,669.8249999999999,698.275,678.525
2019-05-27,1921.325,1630.95,1565.325,1906.975,1987.35
2019-05-29,914.525,573.625,350.0,249.6,264.825
2019-06-01,1472.45,952.65,611.4,355.34999999999997,347.625
2019-06-03,6762.075,6083.174999999999,6582.3,6551.525,7051.174999999999
2019-06-06,1147.825,734.9,438.95,285.22499999999997,289.4
2019-06-08,3524.25,3067.05,3128.0499999999997,3636.95,3708.325
2019-06-11,6913.35,6345.375,6993.275,7600.2,7834.95
2019-06-13,2392.95,1919.625,1793.1,2099.95,2153.225
2019-06-16,1033.7,649.25,385.95,275.375,271.6
2019-06-18,1235.5249999999999,815.725,539.275,460.59999999999997,440.29999999999995
2019-06-21,5326.349999999999,4735.1,5194.875,5688.525,5895.875
2019-06-23,1111.0,687.45,409.625,278.175,298.425
2019-06-26,1075.3,675.775,406.525,257.4,250.475
2019-06-28,1490.625,1080.975,906.55,979.3499999999999,995.3749999999999
2019-07-01,4116.525,3687.6,3819.95,4514.3,4497.975
2019-07-03,1125.975,691.3,415.59999999999997,269.875,279.97499999999997
2019-07-06,1032.95,646.95,373.15,241.625,240.85
2019-07-08,2423.325,1954.5,1892.25,2921.575,2959.025
2019-07-11,6556.375,5780.975,6090.05,6573.525,6291.674999999999
2019-07-13,1111.4,680.175,405.09999999999997,270.9,261.425
2019-07-16,12610.0,11656.15,13174.5,14109.775,14323.925
2019-07-18,7165.25,6474.724999999999,7091.724999999999,7557.2,7754.3
2019-07-21,1034.975,651.55,385.25,211.6,226.525
2019-07-23,1992.7,1613.3999999999999,1559.8,1881.05,2082.45
2019-07-26,2267.825,1921.55,1836.1000000000001,2124.775,2226.7
2019-07-28,6405.724999999999,6000.95,6612.349999999999,7103.7,7935.2
2019-07-31,1080.2,763.025,457.0,257.15,238.42499999999998
2019-08-02,1122.8,790.875,504.9,309.975,288.0
2019-08-05,1043.025,739.55,463.5,295.0,304.575
2019-08-07,1101.5,796.725,555.975,414.775,658.925
2019-08-10,2953.8,2512.525,2522.1749999999997,2768.125,2978.6
2019-08-12,988.825,661.1,398.3,261.775,247.77499999999998
2019-08-15,1484.025,1194.575,1027.5,1116.725,1176.575
2019-08-17,1020.35,666.0749999999999,392.825,257.275,233.54999999999998
2019-08-20,3388.1749999999997,3164.7999999999997,3550.6,4184.95,4691.825
2019-08-22,821.875,543.425,380.375,450.34999999999997,468.025
2019-08-25,3244.125,2921.85,3029.725,3498.2,3828.75
2019-08-27,1730.525,1433.825,1335.125,1628.6,1814.7749999999999
2019-08-30,846.05,536.65,310.125,221.92499999999998,253.0
2019-09-01,846.375,551.95,324.3,239.05,243.77499999999998
2019-09-04,4848.075,4444.625,4777.15,5163.275,5676.175
2019-09-06,839.65,521.375,305.5,206.375,235.575
2019-09-09,761.9499999999999,488.625,285.675,203.75,209.7
2019-09-11,4111.075,3761.9249999999997,3951.9249999999997,4793.25,5109.724999999999
2019-09-14,764.6,501.275,297.375,227.95,234.875
2019-09-16,1336.675,1095.475,931.2249999999999,1196.15,1194.425
2019-09-19,825.5999999999999,554.625,323.875,248.92499999999998,271.425
2019-09-21,4429.925,4109.15,4405.625,4813.349999999999,5052.325
2019-09-21,4429.724999999999,4109.599999999999,4404.8,4812.875,5050.8
2019-09-24,8633.875,8072.525,8746.775,9141.525,9360.425
2019-09-26,2705.05,2430.875,2395.725,3107.2,3211.6
2019-09-29,8086.325,7716.325,8216.3,8724.575,8840.9
2019-10-01,1986.2749999999999,1878.95,1921.425,3167.875,3049.125
2019-10-04,5620.825,5074.599999999999,5284.125,5560.725,5788.675
2019-10-06,791.425,521.8,297.125,255.125,249.27499999999998
2019-10-09,7632.849999999999,7126.425,7624.9,7815.675,8234.85
2019-10-11,2611.0,2328.075,2220.7,3448.2999999999997,3376.025
2019-10-14,3082.35,2662.7999999999997,2598.35,3606.1749999999997,3692.55
2019-10-16,3093.0,2882.05,2946.575,4409.275,4561.174999999999
2019-10-19,647.4,414.175,229.35,179.375,191.45
2019-10-21,6756.325,6264.775,6557.275,7003.375,7149.349999999999
2019-10-24,2386.35,2092.9249999999997,2021.45,3108.7,3297.7
2019-10-26,1421.7,1226.65,1000.475,1728.375,1816.2
2019-10-29,736.85,507.15,282.15,243.85,248.975
2019-10-31,2206.35,1956.775,1720.1999999999998,2798.8,2973.55
2019-11-03,690.975,468.59999999999997,256.15,232.2,258.675
2019-11-05,6792.875,6357.45,6643.9,6956.625,7623.475
2019-11-08,4362.325,4086.45,4115.175,5484.525,5674.0
2019-11-10,6688.974999999999,6209.049999999999,6537.6,6973.65,7183.099999999999
2019-11-13,837.875,604.1,358.15,321.775,321.325
2019-11-15,789.0999999999999,555.15,347.67499999999995,407.65,373.17499999999995
2019-11-18,4367.0,4089.35,4147.0,5031.275,5165.45
2019-11-20,2592.725,2452.975,2380.55,3831.075,3877.625
2019-11-23,712.5749999999999,496.04999999999995,317.525,335.34999999999997,362.0
2019-11-28,9022.625,8660.025,9170.25,9269.95,9679.825
2019-11-30,5404.35,5075.675,5189.349999999999,5936.849999999999,6139.575
2019-12-03,7580.125,7183.45,7499.875,7966.4,8129.525
2019-12-05,5262.4,5085.6,5353.1,6385.575,7008.125
2019-12-08,952.475,891.3,461.72499999999997,244.65,242.9
2019-12-10,5093.925,4818.775,4927.325,5744.125,5994.175
2019-12-13,2559.25,2462.0,2340.9,4032.625,4191.175
2019-12-15,6139.65,5784.474999999999,6027.224999999999,6404.349999999999,6748.025
2019-12-18,3605.7,3350.525,3294.325,4572.05,4614.225
2019-12-20,805.5749999999999,591.175,331.7,279.3,286.97499999999997
2019-12-23,7321.5,7017.849999999999,7437.175,7675.975,8147.775
2019-12-25,3152.825,2956.0499999999997,2944.725,4002.4,4431.55
2019-12-28,680.6999999999999,476.97499999999997,270.34999999999997,220.425,240.625
2019-12-30,940.0749999999999,673.85,420.825,435.775,437.4
2020-01-02,913.1,679.1,475.22499999999997,429.22499999999997,460.72499999999997
2020-01-04,6945.799999999999,6563.724999999999,6827.875,7595.425,7824.9
2020-01-07,3246.875,3080.6,3122.3,4114.275,4476.8
2020-01-09,1797.0,1596.6,1400.175,2096.5,2081.0499999999997
2020-01-12,977.25,756.725,470.775,414.22499999999997,434.35
2020-01-14,4146.474999999999,3998.2,4193.9,5419.775,5745.0
2020-01-17,886.625,677.55,460.7,523.125,570.8249999999999
2020-01-19,887.5,648.425,413.59999999999997,375.75,403.55
2020-01-22,2498.9,2247.575,2184.45,2453.45,2854.575
2020-01-24,3975.975,3826.575,3913.875,4491.2,4816.424999999999
2020-01-27,4280.5,4086.225,4276.65,4890.3,5219.2
2020-01-29,1497.325,1265.775,1083.3,1321.975,1418.375
2020-02-01,9327.0,9036.5,9404.775,9645.949999999999,9520.375
2020-02-03,4464.65,3943.0,3903.2749999999996,3998.1749999999997,4468.125
2020-02-06,4911.65,4717.725,5030.3,5352.025,5737.825
2020-02-08,815.55,606.375,367.175,285.85,286.625
2020-02-11,2157.025,1810.3249999999998,1709.35,2229.875,2008.7499999999998
2020-02-13,6106.575,5758.825,5981.05,6282.525,6564.25
2020-02-16,5684.9,5416.825,5548.55,5976.7,6055.975
2020-02-18,7036.0,6745.375,7119.375,7196.95,7617.775
2020-02-21,5562.75,5136.075,5271.5,5454.65,5565.1
2020-02-23,834.0749999999999,635.9499999999999,361.55,242.14999999999998,256.2
2020-02-26,1067.125,898.05,685.75,700.0,816.775
2020-02-28,2131.9,1884.1499999999999,1832.375,2183.225,2371.0
2020-03-02,8231.025,7836.075,8192.75,8362.75,8504.975
2020-03-04,823.225,585.5,337.425,237.14999999999998,250.67499999999998
2020-03-07,6619.8,6231.15,6427.15,6489.4,6667.474999999999
2020-03-09,4934.375,4456.075,4491.224999999999,4375.224999999999,4663.4
2020-03-12,6157.375,5851.875,6200.125,6390.599999999999,6725.325
2020-03-14,6455.075,5996.15,6212.875,6546.325,6767.075
2020-03-17,945.525,755.675,495.325,477.47499999999997,538.475
2020-03-19,6317.7,5927.45,6217.775,6120.8,6646.275
2020-03-22,4718.2,4258.025,4368.325,4982.45,4679.3
2020-03-24,870.4,655.4,385.3,267.35,284.825
2020-03-27,1681.825,1459.1499999999999,1201.35,1367.925,1385.2
2020-03-29,7176.825,6798.825,7259.0,7566.049999999999,7962.299999999999
2020-04-01,864.0,685.625,393.55,245.47499999999997,260.325
2020-04-03,5229.075,4798.55,4935.0,5016.7,5262.4
2020-04-06,1565.675,1325.7,1131.125,1647.35,1705.775
2020-04-08,3168.25,2958.675,2953.1,3738.0249999999996,4245.724999999999
2020-04-11,6778.8,6373.425,6701.174999999999,7074.0,7121.375
2020-04-13,962.375,671.075,410.59999999999997,289.15000000000003,299.55
2020-04-16,7642.924999999999,7463.674999999999,8194.725,8443.15,9249.5
2020-04-18,961.3249999999999,671.55,400.45,304.8,300.22499999999997
2020-04-21,938.3,637.4499999999999,395.925,340.34999999999997,404.075
2020-04-23,941.0,643.7,400.625,331.5,345.35
2020-04-26,3017.4,2851.4,2883.25,3516.6,4066.6749999999997
2020-04-28,1554.625,1236.675,1024.75,1301.95,1399.575
2020-05-01,7331.4,6835.049999999999,7245.25,7571.225,7567.15
2020-05-03,1013.0999999999999,708.55,473.17499999999995,442.875,399.875
2020-05-06,4945.175,4368.675,4552.775,5748.1,5727.325
2020-05-08,968.425,645.35,371.85,271.525,272.3
2020-05-11,4849.025,4429.375,4716.55,4931.325,5395.15
2020-05-13,3577.8999999999996,3193.35,3146.325,3966.25,3861.9249999999997
2020-05-16,945.0749999999999,613.525,370.7,247.925,252.35
2020-05-18,2810.675,2424.975,2452.575,2892.325,3083.95
2020-05-21,1027.7749999999999,682.875,426.65,304.025,339.825
2020-05-23,1725.55,1383.45,1226.0,1358.425,1455.0
2020-05-26,997.0999999999999,653.3,360.575,241.375,262.72499999999997
2020-05-28,2187.975,1896.825,1809.0,2437.35,2407.325
2020-05-31,1032.625,674.675,398.65,273.725,293.9
2020-06-02,5765.9,5192.775,5523.1,6116.825,6155.2
2020-06-05,5913.025,5095.974999999999,5332.35,5504.224999999999,5488.55
2020-06-07,6667.65,6073.075,6508.825,7655.15,7484.45
2020-06-10,5895.05,5333.85,5635.725,6294.25,6215.2
2020-06-12,1132.675,718.5,434.15,266.025,271.875
2020-06-15,2197.425,1831.2749999999999,1749.175,2229.275,2066.125
2020-06-17,5356.325,4595.75,4913.175,4912.05,5149.575
2020-06-20,3881.0499999999997,3445.925,3740.475,4117.65,4423.425
2020-06-22,1190.375,768.475,444.0,288.4,271.25
2020-06-25,2700.6,2263.925,2258.625,2601.325,2770.4249999999997
2020-06-27,4634.575,3935.25,4113.775,4131.25,4427.075
2020-06-30,2874.9,2360.0,2435.725,2646.875,2972.65
2020-07-02,1538.625,1111.85,786.55,685.25,666.625
2020-07-05,4131.775,3525.375,3660.225,3607.125,3851.1
2020-07-07,1149.925,716.7,452.925,279.59999999999997,281.175
2020-07-10,1358.125,1024.3,758.375,697.3,790.125
2020-07-12,1136.475,736.3,444.4,260.9,255.025
2020-07-15,1860.925,1527.1,1421.825,1609.5249999999999,1744.575
2020-07-17,1233.225,811.6,515.475,352.4,363.625
2020-07-20,1060.075,694.65,436.3,309.1,316.675
2020-07-22,3513.825,3112.975,3296.625,3778.775,4053.4
2020-07-25,1025.45,677.575,407.525,272.2,264.25
2020-07-27,4806.825,4213.8,4322.2,5136.65,4813.4
2020-07-30,3586.625,3269.45,3408.6,3815.0499999999997,3916.15
2020-08-01,4810.724999999999,4418.225,4611.325,4851.349999999999,5033.799999999999
2020-08-04,3185.875,2758.35,2749.25,3205.95,3480.6
2020-08-06,1512.975,1145.7749999999999,1033.1499999999999,1123.7,1183.75
2020-08-09,5611.25,5182.375,5516.3,6368.125,6603.424999999999
2020-08-11,982.15,614.3249999999999,372.09999999999997,277.15,233.75
2020-08-14,898.275,560.4,334.925,235.70000000000002,245.875
2020-08-16,958.325,622.15,379.72499999999997,288.225,278.225
2020-08-19,1879.8249999999998,1587.7749999999999,1514.775,1851.625,1970.075
2020-08-21,962.8,617.725,371.475,255.29999999999998,256.15
2020-08-24,6410.0,5830.625,6239.725,6650.55,6930.049999999999
2020-08-26,3662.475,3268.2999999999997,3412.95,4101.95,4037.325
2020-08-29,868.9749999999999,614.875,367.92499999999995,276.95,293.025
2020-08-31,7117.3,6396.55,6762.125,6881.0,7086.05
2020-09-03,7157.25,6678.799999999999,7059.25,7469.799999999999,7556.724999999999
2020-09-05,875.375,591.425,345.35,261.45,279.2
2020-09-08,928.8,680.65,445.325,468.15,493.825
2020-09-10,1063.85,725.525,414.59999999999997,256.97499999999997,254.29999999999998
2020-09-13,3735.4,3582.475,3767.3999999999996,4729.75,5251.775
2020-09-15,983.35,801.3499999999999,438.47499999999997,320.09999999999997,308.5
2020-09-18,2353.825,2167.375,2172.6749999999997,3145.5499999999997,3397.9
2020-09-20,912.8,720.15,386.125,249.1,259.65
2020-09-23,830.275,663.4499999999999,352.25,249.67499999999998,255.25
2020-09-25,952.6999999999999,739.8249999999999,414.15,333.4,341.8
2020-09-28,1338.35,1220.975,891.325,1083.0249999999999,1047.1499999999999
2020-09-30,966.8,772.4,434.375,355.25,378.8
2020-10-03,1260.4,1084.7,726.125,723.4,783.6999999999999
2020-10-08,3267.875,3152.25,3382.975,4466.375,4870.75
2020-10-10,6562.125,6123.225,6386.5,6975.599999999999,7081.599999999999
2020-10-13,810.775,589.95,320.375,261.025,267.375
2020-10-15,2755.7,2526.425,2434.95,3596.875,3699.0499999999997
2020-10-18,5789.75,5464.375,5860.425,6251.099999999999,6662.75
2020-10-20,901.55,612.55,334.675,266.45,266.275
2020-10-23,784.35,566.75,340.45,370.45,414.65
2020-10-25,7860.35,7395.025,7821.125,7890.9,8611.474999999999
2020-10-30,743.8249999999999,505.075,260.925,214.35,216.05
2020-11-02,6703.75,6256.7,6515.049999999999,6807.525,7094.875
2020-11-04,1026.225,789.0,510.25,724.375,725.05
2020-11-07,4888.4,4522.45,4592.4,5489.0,5692.65
2020-11-09,1251.0,886.6999999999999,618.3,597.9,895.8
2020-11-12,717.65,503.625,281.025,244.54999999999998,262.875
2020-11-14,873.9499999999999,660.0,398.9,577.925,586.675
2020-11-17,2356.65,2057.9,1884.725,3028.9,3223.375
2020-11-19,2025.1,1789.35,1776.6,2435.9,3201.35
2020-11-22,4721.05,4442.875,4592.75,5425.474999999999,5774.225
2020-11-24,9257.05,8867.825,9436.3,9598.525,9885.0
2020-11-27,4420.925,4144.7,4180.75,5252.125,5434.5
2020-11-29,10581.175,10131.175,10643.55,10726.8,10816.775
2020-12-02,855.9,726.375,458.09999999999997,377.0,424.275
2020-12-04,7535.2,7170.925,7487.125,8117.45,8034.675
2020-12-07,3833.725,3594.175,3527.4,4784.849999999999,4983.8
2020-12-09,765.775,563.95,312.35,265.3,268.0
2020-12-12,750.225,574.975,333.775,291.35,319.67499999999995
2020-12-14,771.9749999999999,572.85,315.09999999999997,278.925,279.47499999999997
2020-12-17,694.25,530.525,293.3,230.29999999999998,241.45
2020-12-19,6622.225,6167.674999999999,6364.924999999999,6443.599999999999,6801.275
2020-12-22,6754.375,6439.675,6682.549999999999,7034.725,7321.4
2020-12-24,4924.525,4676.925,4878.599999999999,5503.599999999999,5925.4
2020-12-27,724.575,526.175,282.75,216.825,236.025
2020-12-29,1050.125,784.775,508.7,519.0749999999999,575.375
2021-01-01,7960.1,7579.924999999999,7926.125,8211.225,8385.375
2021-01-03,772.1999999999999,568.6999999999999,302.175,239.54999999999998,240.575
2021-01-06,716.3,498.8,286.575,222.8,238.25
2021-01-08,754.725,537.4,283.95,223.04999999999998,217.475
2021-01-11,744.6,532.225,285.55,208.975,237.5
2021-01-13,773.525,553.4749999999999,312.97499999999997,272.175,276.325
2021-01-16,673.5,480.47499999999997,260.625,211.95,227.70000000000002
2021-01-18,8683.875,8183.924999999999,8467.525,8608.7,8686.95
2021-01-21,708.8249999999999,523.975,279.75,209.1,213.075
2021-01-23,781.7249999999999,570.725,320.275,280.875,265.65
2021-01-26,8620.824999999999,8257.5,8580.275,9084.025,8997.9
2021-01-28,789.225,557.8,314.8,248.27499999999998,249.4
2021-01-31,998.125,880.425,751.15,1131.95,977.6999999999999
2021-02-02,836.8499999999999,610.8,357.67499999999995,308.575,346.125
2021-02-05,1293.35,1115.45,933.55,1381.75,1462.75
2021-02-07,849.0749999999999,635.5749999999999,388.825,386.05,409.575
2021-02-10,696.475,522.8,288.125,202.89999999999998,221.875
2021-02-12,775.85,562.9,323.075,254.125,255.3
2021-02-15,2329.8,2091.025,2068.9,2643.95,2867.525
2021-02-17,786.025,573.9749999999999,320.5,224.125,245.475
2021-02-20,722.175,561.05,297.97499999999997,198.6,232.875
2021-02-22,9624.525,9193.25,9549.375,9786.75,9753.0
2021-02-25,4245.05,3991.1,4161.375,4497.375,4706.625
2021-02-27,5977.625,5754.15,6119.974999999999,6442.9,7009.0
2021-03-02,789.075,606.325,323.675,201.95,221.35
2021-03-04,3659.825,3477.85,3566.2,4709.275,5051.099999999999
2021-03-07,1078.75,817.4499999999999,607.0,650.3,792.275
2021-03-09,9752.3,9255.425,9680.699999999999,9890.449999999999,9956.5
2021-03-12,746.775,568.875,313.5,217.2,237.85
2021-03-14,9274.425000000001,8790.675,9181.275,9444.275,9421.15
2021-03-17,1986.85,1992.025,2211.2,2031.45,3002.875
2021-03-19,4328.7,3962.3999999999996,4042.8999999999996,4348.349999999999,4656.0
2021-03-22,781.0749999999999,603.475,317.825,203.89999999999998,243.95
2021-03-24,5037.15,4716.349999999999,4963.275,5274.275,5593.15
2021-03-27,5153.225,4856.15,5082.575,5806.95,5891.0
2021-03-29,4763.099999999999,4524.025,4714.95,5278.125,5386.875
2021-04-01,8005.424999999999,7520.125,7889.099999999999,8075.35,8211.3
2021-04-03,967.875,769.175,493.59999999999997,383.0,392.7
2021-04-06,2056.5499999999997,1860.925,1865.7749999999999,2222.225,2473.075
2021-04-08,908.675,688.875,376.225,230.89999999999998,222.175
2021-04-11,5357.85,5137.724999999999,5456.675,5534.825,6039.0
2021-04-13,925.6999999999999,722.3,404.4,270.525,259.72499999999997
2021-04-16,4866.349999999999,4974.275,5765.125,6594.375,7811.4
2021-04-18,1498.6499999999999,1371.225,1103.5,1177.85,1328.2749999999999
2021-04-21,879.525,662.175,365.475,242.92499999999998,242.17499999999998
2021-04-23,4955.675,4573.549999999999,4768.6,5784.675,5956.3
2021-04-26,941.525,748.8,434.42499999999995,275.09999999999997,291.025
2021-04-28,1030.3,945.175,515.175,983.325,1039.95
2021-05-01,921.525,710.8,403.3,230.75,225.15
2021-05-03,1066.55,832.025,516.375,407.125,451.525
2021-05-06,985.2,736.9,450.72499999999997,338.55,343.42499999999995
2021-05-08,2964.5499999999997,2720.2999999999997,2721.175,3011.65,3659.725
2021-05-11,1088.4,820.35,485.75,299.625,309.5
2021-05-13,1045.675,811.55,484.72499999999997,299.79999999999995,295.425
2021-05-16,985.775,754.375,447.47499999999997,414.575,465.45
2021-05-18,1107.375,776.825,525.15,558.725,353.175
2021-05-21,999.625,741.925,440.15,355.875,404.22499999999997
2021-05-23,4141.7,3630.875,3798.95,4035.425,4342.15
2021-05-26,1748.7749999999999,1397.2,1141.6,1338.95,1376.7
2021-05-28,6645.025,5926.2,6352.875,6626.625,6687.5
2021-05-31,2955.975,2528.825,2593.375,2628.875,2664.8
2021-06-02,1780.8,1745.425,1864.425,952.025,810.8
2021-06-05,7712.825,7031.25,7588.25,7954.55,8093.575
2021-06-07,1796.3999999999999,1735.8999999999999,1808.75,836.675,723.0
2021-06-10,1814.5249999999999,1829.7749999999999,2001.575,1084.625,928.8749999999999
2021-06-12,6673.0,6141.325,6521.575,6808.4,6820.099999999999
2021-06-15,3535.7749999999996,3002.525,3052.1,2962.275,3154.475
2021-06-17,1513.3999999999999,1067.175,810.775,437.72499999999997,382.59999999999997
2021-06-20,1591.975,1180.775,968.0,633.025,644.125
2021-06-22,2905.25,2489.1,2615.9,2666.575,2941.075
2021-06-25,1784.525,1757.35,1854.5249999999999,831.925,725.475
2021-06-27,3849.7999999999997,3068.375,2869.4,3636.6,3223.575
2021-06-30,1712.05,1689.1,1749.7749999999999,774.3249999999999,626.3249999999999
2021-07-02,1780.825,1691.0749999999998,1748.625,768.725,612.95
2021-07-05,3168.725,3126.0499999999997,3308.9249999999997,2872.675,2939.975
2021-07-07,1752.25,1679.35,1718.175,693.775,545.85
2021-07-10,1705.5249999999999,1682.425,1704.875,676.35,569.925
2021-07-12,1761.1499999999999,1686.125,1713.05,683.35,549.225
2021-07-15,5685.349999999999,5219.625,5673.25,6154.25,6285.775
2021-07-17,9146.375,8307.875,9009.25,9456.3,9478.025
2021-07-20,4297.525,3832.725,3994.9249999999997,4788.8,4803.925
2021-07-22,1507.7,1409.0,1298.375,444.2,370.625
2021-07-25,4414.2,4019.8999999999996,4411.425,4707.225,5206.925
2021-07-27,2404.725,2041.725,1957.675,2093.4249999999997,1971.025
2021-07-30,1848.6999999999998,1837.05,1776.125,848.875,793.75
2021-08-01,4048.275,3557.8999999999996,3739.0249999999996,3734.8499999999995,4076.5
2021-08-04,4132.525,3739.075,4047.6749999999997,4386.075,4858.075
2021-08-06,1609.1,1596.925,1462.875,473.34999999999997,399.25
2021-08-09,1338.525,971.225,680.125,279.09999999999997,259.0
2021-08-11,7322.875,6681.0,7167.424999999999,7581.599999999999,7599.175
2021-08-14,1641.625,1577.2749999999999,1437.925,831.075,810.425
2021-08-16,7420.9,6637.05,7082.875,7431.45,7343.45
2021-08-19,1429.9,1454.325,1204.35,364.5,313.425
2021-08-21,4493.8,4104.349999999999,4221.65,4805.65,4821.875
2021-08-24,1306.825,1278.25,981.975,324.875,314.275
2021-08-26,4731.85,4346.75,4514.75,4674.975,5066.025
2021-08-29,1376.25,1077.525,768.6,408.05,391.4
2021-08-31,1189.975,1113.1,756.2,280.625,265.925
2021-09-03,1232.8,1167.1,808.9,482.65,464.075
2021-09-05,4688.525,4226.275,4483.099999999999,4773.35,5203.25
2021-09-08,1172.25,1137.325,767.35,380.72499999999997,386.85
2021-09-10,1167.75,1100.45,769.925,376.575,374.2
2021-09-13,2977.7,2760.425,2753.375,3829.775,3965.7999999999997
2021-09-15,1861.825,1670.0749999999998,1601.1,2227.95,2909.875
2021-09-18,1659.2,1461.325,1236.75,1549.45,1641.375
2021-09-20,4717.575,4393.325,4612.925,5528.375,5718.575
2021-09-23,850.3249999999999,721.575,427.025,250.325,256.75
2021-09-25,1062.175,791.35,481.325,282.725,277.275
2021-09-28,672.5,415.0,224.75,137.625,124.52499999999999
2021-09-30,884.4499999999999,689.675,410.47499999999997,305.9,311.45
2021-10-03,7306.75,6707.849999999999,7084.15,7065.475,7516.349999999999
2021-10-05,9065.85,8501.8,8980.3,9111.1,9406.25
2021-10-08,2375.3,2235.25,2225.725,3655.7,3892.15
2021-10-10,4886.025,4495.9,4652.075,5357.025,5496.025
2021-10-13,769.55,563.125,335.7,248.29999999999998,254.39999999999998
2021-10-15,923.725,674.1,423.825,388.325,412.25
2021-10-18,886.025,676.975,458.4,416.09999999999997,583.3
2021-10-20,7886.725,7441.424999999999,7968.925,8337.925,8540.625
2021-10-23,837.875,608.875,383.17499999999995,376.775,415.75
2021-10-25,8297.0,7855.749999999999,8319.949999999999,8597.324999999999,9111.949999999999
2021-10-28,5673.75,5341.65,5611.65,6095.325,6412.25
2021-10-30,756.675,502.3,275.275,220.625,210.475
2021-11-02,1384.5,1119.4,881.5749999999999,1414.7,1344.3
2021-11-04,790.625,550.3,304.625,252.025,258.75
2021-11-07,718.6999999999999,499.22499999999997,273.125,230.2,255.67499999999998
2021-11-09,4599.125,4388.25,4491.225,5861.075,6035.125
2021-11-12,7630.224999999999,7076.575,7351.974999999999,7350.775,7519.375
2021-11-14,845.175,676.175,347.675,241.975,245.54999999999998
2021-11-17,776.05,577.25,315.325,295.125,298.5
2021-11-19,6271.099999999999,5954.775,6163.525,6983.025000000001,7079.124999999999
2021-11-22,6388.724999999999,6021.325,6260.625,7055.45,7235.175
2021-11-24,1299.5,1069.525,854.9,1478.4,1560.425
2021-11-27,4245.049999999999,3963.0,3975.1499999999996,4908.575,5001.7
2021-11-29,1413.35,1163.925,772.0749999999999,757.85,828.5999999999999
2021-12-02,879.1,647.9499999999999,368.4,302.5,325.025
2021-12-04,6516.7,6067.05,6213.825,6644.575,6680.825
2021-12-07,3153.85,2933.95,2926.6,4021.525,4083.825
2021-12-09,5043.925,4744.575,4882.849999999999,5526.625,6024.0
2021-12-12,2127.075,1862.6,1721.0,2312.725,2664.325
2021-12-14,8064.75,7586.85,7816.625,7779.0,8029.125
2021-12-17,777.125,612.75,359.95,436.04999999999995,439.325
2021-12-19,1193.4,1007.775,900.9499999999999,1342.725,1949.45
2021-12-22,826.8249999999999,645.525,440.09999999999997,391.75,459.2
2021-12-24,1926.925,1626.2,1464.55,1805.0249999999999,1879.6499999999999
2021-12-27,7062.224999999999,6731.425,7039.55,7492.025,7908.05
2021-12-29,707.4,471.575,257.3,237.75,238.67499999999998
2022-01-01,1474.55,1335.3,1158.85,2005.625,2164.0
2022-01-03,7481.175,7117.0,7383.099999999999,8058.375,8347.949999999999
2022-01-06,645.6,424.22499999999997,231.1,188.075,205.6
2022-01-08,8590.375,8155.525,8469.475,8687.85,8726.0
2022-01-11,3102.425,2852.425,2840.9,3586.725,3846.675
2022-01-13,724.0,477.9,259.525,246.4,238.225
2022-01-16,1616.875,1461.425,1331.725,2003.05,2245.0
2022-01-21,1389.425,1228.225,1121.225,1201.875,1510.225
2022-01-23,6099.7,5762.525,5959.575,6279.724999999999,6652.299999999999
2022-01-26,1018.15,735.925,472.875,744.9,413.4
2022-01-28,995.175,797.1999999999999,576.725,812.9499999999999,935.175
2022-01-31,1598.225,1447.0249999999999,1286.5,2248.4249999999997,2526.0
2022-02-02,7580.224999999999,7174.45,7442.825,7381.525,7796.749999999999
2022-02-05,2761.5,2549.2749999999996,2518.0499999999997,3388.35,3630.75
2022-02-07,832.725,631.775,356.675,245.35,261.72499999999997
2022-02-10,2637.5,2432.2,2380.525,3196.7,3082.4249999999997
2022-02-12,8228.199999999999,7963.474999999999,8335.525,8350.4,8740.75
2022-02-15,762.9,549.425,327.35,238.17499999999998,266.97499999999997
2022-02-17,992.525,783.1999999999999,580.6,762.075,853.4499999999999
2022-02-20,692.35,463.525,269.7,221.625,229.42499999999998
2022-02-22,3682.5,3424.375,3440.25,4728.05,4685.25
2022-02-25,5571.45,5169.65,5283.2,5651.325,5840.8
2022-02-27,1352.925,1057.475,816.7,1023.575,1020.0
2022-03-02,741.225,517.175,326.025,377.8,379.125
2022-03-04,1427.45,1174.8,982.85,1464.55,1632.35
2022-03-07,739.1,489.15,272.8,210.55,235.275
2022-03-09,7183.025,6908.925,7369.0,7425.4,7990.999999999999
2022-03-12,6821.775,6551.025,6972.875,7183.3,7614.2
2022-03-14,7378.525,7003.375,7341.95,7487.725,7927.175
2022-03-17,787.875,503.05,287.05,212.725,216.975
2022-03-19,4549.2,4339.05,4554.05,5183.975,5751.1
2022-03-22,778.35,539.4749999999999,328.45,290.275,325.275
2022-03-24,1606.2,1340.8,1168.5,1674.075,1872.8249999999998
2022-03-27,787.675,510.97499999999997,285.22499999999997,213.04999999999998,229.075
2022-03-29,811.75,535.725,300.275,235.75,250.175
2022-04-01,742.225,495.0,278.325,221.275,247.17499999999998
2022-04-03,5760.875,5502.599999999999,5851.525,6259.15,6596.625
2022-04-06,767.025,513.1,293.47499999999997,226.29999999999998,240.3
2022-04-08,832.4,581.4,338.72499999999997,249.89999999999998,261.325
2022-04-11,8838.95,8268.125,8701.175,8654.074999999999,8805.574999999999
2022-04-13,863.625,592.925,349.975,226.52499999999998,244.85
2022-04-16,7178.674999999999,6769.05,7219.049999999999,7454.924999999999,7722.7
2022-04-18,1756.35,1533.5,1397.325,1927.95,2090.7999999999997
2022-04-21,1146.4,776.625,579.9,536.6999999999999,567.9749999999999
2022-04-23,3515.525,3070.725,3040.975,3772.375,3840.7999999999997
2022-04-26,1203.7,974.575,805.4,1377.075,1584.15
2022-04-28,918.15,607.9,353.95,266.925,263.75
2022-05-01,872.8499999999999,563.725,330.775,268.45,259.95
2022-05-03,967.7,625.475,373.05,247.85,274.175
2022-05-06,3063.9249999999997,2826.75,2836.325,3458.375,3472.825
2022-05-08,5502.6,5139.525,5636.6,5947.775,6719.349999999999
2022-05-11,928.225,620.425,373.975,283.09999999999997,282.775
2022-05-13,4964.225,4594.6,4813.825,5480.45,5799.475
2022-05-16,958.425,603.05,351.325,252.4,256.525
2022-05-18,10041.9,9490.699999999999,10573.65,10724.475,11285.125
2022-05-21,1666.35,1339.375,1221.45,2097.2,2188.325
2022-05-23,1045.975,633.35,374.4,272.9,274.3
2022-05-26,991.15,613.725,381.09999999999997,259.5,285.525
2022-05-28,1106.25,718.35,453.525,384.72499999999997,393.09999999999997
2022-05-31,2348.3,1938.35,1795.8999999999999,2451.275,2617.75
2022-06-02,2716.275,2286.775,2324.875,2929.1,3386.6499999999996
2022-06-05,1028.3,646.125,377.875,256.875,275.975
2022-06-07,1097.425,708.025,442.375,349.65,414.375
2022-06-10,9262.824999999999,8377.55,9379.175,9914.175,9957.55
2022-06-12,5036.175,4499.099999999999,5062.575,5960.9,6355.275
2022-06-15,1289.825,958.5999999999999,626.0749999999999,415.95,408.15
2022-06-17,1154.525,759.8499999999999,469.875,331.525,307.775
2022-06-20,1162.325,771.125,476.75,337.225,329.025
2022-06-22,3156.975,2703.75,2699.525,3477.6,3582.075
2022-06-25,1109.7,728.45,448.6,320.375,319.85
2022-06-27,2184.95,1680.725,1664.975,1767.875,2016.2499999999998
2022-06-30,1106.475,705.475,453.525,312.75,350.875
2022-07-02,1182.275,744.925,480.2,341.15,359.05
2022-07-05,2421.075,1974.5,1970.875,2168.5499999999997,2281.425
2022-07-07,7083.25,6608.05,7216.275,7482.2,8627.3
2022-07-10,1220.7,811.975,532.95,395.55,396.275
2022-07-12,2303.275,1771.225,1645.675,1197.8999999999999,1695.8
2022-07-15,1301.3,856.625,558.25,356.475,349.95
2022-07-17,6953.724999999999,6195.55,6825.125,6942.275,7385.974999999999
2022-07-20,1769.975,1507.75,1408.65,1032.55,1049.4
2022-07-22,1491.325,1321.6,1113.5249999999999,432.4,383.075
2022-07-25,7363.875,6759.15,7389.45,7604.4,7820.4
2022-07-27,5524.724999999999,4934.3,5298.05,5961.875,6023.3
2022-07-30,1507.9499999999998,1170.15,873.875,424.8,408.4
2022-08-01,3031.2999999999997,2754.975,2740.675,2969.0,3166.075
2022-08-04,4744.95,4156.3,4167.825,4988.8,4776.674999999999
2022-08-06,1257.95,1060.9,770.6999999999999,353.625,345.34999999999997
2022-08-09,1657.5249999999999,1509.825,1297.825,517.225,445.75
2022-08-11,1486.9,1350.85,1078.925,417.79999999999995,363.075
2022-08-14,3074.9,2728.25,2654.975,2980.4,2993.15
2022-08-16,2458.4,2175.7,2108.325,2295.45,2400.2749999999996
2022-08-19,1313.925,1263.925,994.95,372.825,358.1
2022-08-21,6249.275,5673.675,6040.625,6034.1,6452.5
2022-08-24,5316.6,4784.224999999999,4983.7,5346.975,5406.525
2022-08-26,1161.475,996.25,652.825,324.775,315.85
2022-08-29,1052.875,905.65,582.325,303.525,295.625
2022-08-31,6018.675,5607.15,6039.85,6185.425,6604.375
2022-09-03,960.175,801.375,473.42499999999995,301.8,304.075
2022-09-05,1059.975,875.425,578.6,334.25,310.125
2022-09-08,1013.875,824.55,512.375,330.17499999999995,345.375
2022-09-10,4001.2749999999996,3668.65,3821.1,4507.825,4834.125
2022-09-13,917.1499999999999,690.225,415.375,294.275,299.25
2022-09-15,1017.025,751.725,481.875,379.75,406.875
2022-09-18,7149.775,6735.55,7191.374999999999,7566.875,7748.099999999999
2022-09-20,3346.075,3018.725,3112.2999999999997,3696.5249999999996,4087.1749999999997
2022-09-23,826.275,589.725,343.625,266.95,299.075
2022-09-25,6318.474999999999,5857.375,6149.05,6783.724999999999,6957.3
2022-09-28,2918.725,2493.675,2262.5499999999997,3280.2999999999997,2690.35
2022-09-30,4970.45,4659.525,4950.9,5761.9,5941.6
2022-10-03,3564.1749999999997,3279.575,3270.9249999999997,4207.125,4269.974999999999
2022-10-05,1648.625,1277.8,1107.625,1784.5249999999999,1979.05
2022-10-08,847.95,640.3,439.67499999999995,506.34999999999997,530.525
2022-10-10,799.0,556.925,318.15,266.4,269.22499999999997
2022-10-13,2050.375,1944.6,1959.3999999999999,3116.0,3312.125
2022-10-15,3198.35,3041.9249999999997,3088.325,4595.7,4937.825
2022-10-18,830.4,625.85,397.65,527.1999999999999,503.05
2022-10-20,842.875,620.275,372.47499999999997,386.825,404.47499999999997
2022-10-23,3896.2749999999996,3704.75,3849.35,4566.95,4951.45
2022-10-25,1065.925,869.775,675.225,1015.15,1184.0
2022-10-28,7170.75,6773.525,7102.224999999999,7537.95,7789.25
2022-10-30,6630.325,6218.799999999999,6451.849999999999,7065.075,7212.625
2022-11-02,829.275,682.1,357.2,281.09999999999997,303.2
2022-11-04,1442.65,1345.7,959.8249999999999,1321.425,1398.7749999999999
2022-11-09,5298.925,4989.225,5152.3,5988.85,6358.525
2022-11-12,751.725,553.275,308.8,285.55,316.95
2022-11-14,755.275,528.775,292.275,296.05,309.525
2022-11-17,5375.05,4890.0,5042.775,5221.775,5687.35
2022-11-19,3656.275,3462.825,3447.75,4437.125,4747.974999999999
2022-11-22,1211.2,1303.8999999999999,908.65,397.84999999999997,381.075
2022-11-24,1376.0,1449.875,1061.725,472.5,432.95
2022-11-27,1182.2749999999999,1227.675,817.95,391.0,421.425
2022-11-29,7261.924999999999,6827.875,7058.775,7532.025,7511.45
2022-12-02,1162.875,1121.225,716.125,670.325,726.1999999999999
2022-12-04,5906.05,5552.375,5734.075,6177.95,6509.674999999999
2022-12-07,6547.95,6226.15,6447.65,6986.125,7315.125
2022-12-09,854.75,678.725,381.9,304.95,318.575
2022-12-14,6484.45,6146.775,6350.875,6980.7,7273.925
2022-12-17,7810.724999999999,7440.85,7779.25,7905.974999999999,8438.6
2022-12-19,5946.375,5636.525,5819.225,6317.25,6819.9
2022-12-22,4770.349999999999,4581.9,4802.025,5626.45,6168.075
2022-12-24,1511.525,1431.925,1116.7,1570.7749999999999,1825.725
2022-12-27,867.9,809.9,488.125,285.72499999999997,299.59999999999997
2022-12-29,6307.849999999999,6162.349999999999,6531.049999999999,6794.425,7587.249999999999
2023-01-01,7053.275,6846.624999999999,7262.925,7466.825,7994.624999999999
2023-01-03,2933.25,2586.875,2502.1749999999997,3822.975,4302.825
2023-01-06,5698.3,5338.3,5474.8,5810.825,6227.099999999999
2023-01-08,1120.225,1158.2,823.85,371.775,332.8
2023-01-11,2651.825,2449.4249999999997,2384.0499999999997,3051.0499999999997,3309.975
2023-01-13,4311.575,3901.525,3888.95,4572.3,4977.75
2023-01-16,6991.3,6608.8,6801.35,6740.875,7045.925
2023-01-18,803.15,599.3249999999999,347.525,272.6,277.5
2023-01-21,754.925,557.45,329.97499999999997,266.75,304.775
2023-01-23,5475.75,5220.225,5465.975,5987.075,6446.95
2023-01-26,970.0,751.125,540.225,693.275,668.225
2023-01-28,798.65,551.275,313.075,258.34999999999997,277.59999999999997
2023-01-31,4418.05,4215.45,4346.175,5233.775,5802.674999999999
2023-02-02,1152.925,1042.175,758.05,978.775,1013.1
2023-02-05,837.75,761.375,464.125,284.95,290.15
2023-02-07,895.8,750.375,446.15,288.95,289.59999999999997
2023-02-10,1499.5,1211.3,1010.7249999999999,1195.2,1303.325
2023-02-12,785.9,582.725,349.175,288.325,306.47499999999997
2023-02-15,784.1,579.575,360.95,292.97499999999997,306.025
2023-02-17,834.425,591.525,367.3,329.175,352.4
2023-02-20,687.8499999999999,483.125,284.7,218.125,251.725
2023-02-22,5124.25,4805.9,5061.875,5799.55,5862.8
2023-02-25,741.525,559.8249999999999,328.0,248.92499999999998,291.575
2023-02-27,830.5749999999999,596.4499999999999,351.025,259.525,288.825
2023-03-02,823.4749999999999,618.1,371.175,333.125,300.475
2023-03-04,8014.275,7516.225,7908.725,8181.95,8415.474999999999
2023-03-07,810.5999999999999,623.525,372.725,326.325,357.7
2023-03-09,854.3249999999999,604.0,343.225,266.575,265.625
2023-03-12,5086.125,4599.4,4695.675,5304.275,5390.475
2023-03-14,1872.0249999999999,1575.325,1411.7,1746.95,1956.575
2023-03-17,735.2,535.175,296.45,248.7,264.34999999999997
2023-03-19,904.025,644.775,387.54999999999995,307.34999999999997,330.25
2023-03-22,825.8499999999999,670.875,402.97499999999997,234.175,227.475
2023-03-24,7243.799999999999,6859.95,7152.95,7543.549999999999,7578.825
2023-03-27,7434.299999999999,6826.525,7118.2,7234.7,7262.075
2023-03-29,887.8,630.4,367.0,250.575,254.15
2023-04-01,809.925,584.4499999999999,326.5,244.17499999999998,266.2
2023-04-03,823.675,576.5,330.875,268.47499999999997,281.34999999999997
2023-04-06,1325.025,1065.225,920.8249999999999,1165.4,1468.3999999999999
2023-04-08,3686.95,3369.875,3391.6249999999995,4209.25,4273.849999999999
2023-04-11,2822.2,2342.55,2215.2,2381.075,2610.375
2023-04-13,1479.325,1276.325,1023.5,576.1,579.175
2023-04-18,4173.6,3875.875,4002.9,4550.4,4949.025
2023-04-21,1017.8,883.1,545.575,263.775,263.175
2023-04-23,1138.8999999999999,992.25,678.375,366.84999999999997,343.75
2023-04-26,999.575,842.6999999999999,552.3,280.55,316.7
2023-04-28,1046.9,804.1999999999999,508.25,306.625,307.0
2023-05-01,7530.224999999999,7060.924999999999,7385.125,8109.675,7912.525
2023-05-03,1468.7749999999999,1167.675,963.175,1069.1,1158.225
2023-05-06,6456.0,5992.95,6327.349999999999,6611.349999999999,6749.5
2023-05-08,4782.349999999999,4508.2,4804.45,5598.55,6130.0
2023-05-11,1001.125,711.85,445.79999999999995,268.825,272.325
2023-05-13,1035.475,722.8,447.45,331.025,320.525
2023-05-16,5156.375,4709.85,5006.3,5773.95,5959.025
2023-05-18,7626.475,6931.699999999999,7389.5,7688.375,7701.275
2023-05-21,896.2,568.875,353.775,250.25,269.1
2023-05-23,1547.3249999999998,1127.1,895.625,1026.35,979.875
2023-05-26,872.275,618.5,438.45,362.525,395.375
2023-05-28,1840.5,1454.7,1297.775,1599.825,1910.325
2023-05-31,984.625,631.75,375.775,235.6,222.14999999999998
2023-06-02,1115.6,765.0,457.9,316.15,343.2
2023-06-05,1076.625,726.65,443.5,294.97499999999997,273.9
2023-06-07,1153.25,771.45,460.09999999999997,294.8,316.55
2023-06-10,2013.3,1696.375,1589.975,1963.1,2115.6
2023-06-12,1170.225,765.8249999999999,466.95,334.25,339.875
2023-06-15,1096.025,701.525,432.4,305.825,325.775
2023-06-17,1415.025,961.425,689.75,574.3,572.125
2023-06-20,1570.1,1264.825,1125.825,1347.225,1597.4
2023-06-22,1227.425,818.0999999999999,555.8,462.425,480.59999999999997
2023-06-25,7195.15,6509.05,7131.675,7679.4,7690.349999999999
2023-06-27,2094.0499999999997,1555.725,1410.575,1609.45,1736.0
2023-06-30,959.3249999999999,548.825,324.45,212.5,199.125
2023-07-02,1164.85,734.525,462.25,318.2,294.0
2023-07-05,1100.375,728.2,454.75,325.325,329.125
2023-07-07,5367.125,4756.175,5085.65,5303.225,5659.6
2023-07-10,1867.8,1372.375,1213.425,1514.125,1640.575
2023-07-12,6821.1,6003.025,6569.75,6950.9,7267.05
2023-07-15,4654.15,3993.625,4045.65,5097.15,4806.3
2023-07-17,1463.8,1142.8,1063.3,1430.175,2083.9
2023-07-20,1088.1,718.1,438.7,302.75,303.15
2023-07-22,5177.625,4358.675,4631.6,4565.95,4905.8
2023-07-25,1152.425,857.8249999999999,535.425,325.175,347.075
2023-07-27,1278.425,972.4749999999999,639.375,346.2,374.45
2023-07-30,1329.6,1085.25,749.375,550.025,627.8
2023-08-01,3781.225,3340.7999999999997,3665.35,4650.15,4757.225
2023-08-04,3921.9999999999995,3405.4,3523.2,4176.175,4217.25
2023-08-06,940.5749999999999,598.3,399.97499999999997,264.55,285.525
2023-08-11,1627.025,1302.225,1044.2,1047.075,961.6999999999999
2023-08-14,1287.8,1035.425,775.75,674.425,745.175
2023-08-16,1089.375,803.65,491.65,279.825,285.425
2023-08-19,2388.575,2124.6749999999997,2113.25,2556.2999999999997,2945.125
2023-08-21,997.3499999999999,702.875,437.625,313.075,312.575
2023-08-24,940.8249999999999,681.175,413.4,267.6,302.25
2023-08-26,4291.575,3931.125,4256.425,4734.025,4999.25
2023-08-29,898.525,639.5749999999999,364.1,258.675,267.125
2023-08-31,6151.575,5596.975,5904.825,6630.25,6732.049999999999
2023-09-03,3717.375,3275.225,3392.2,3664.125,3984.25
2023-09-05,6000.224999999999,5487.8,5651.225,6378.299999999999,6273.425
2023-09-08,886.6999999999999,618.4,366.225,295.525,313.875
2023-09-10,1335.025,1080.575,865.65,1129.75,1200.425
2023-09-15,1985.725,1697.45,1550.125,2134.5,2251.2
2023-09-18,856.9749999999999,643.775,371.15,280.95,285.55
2023-09-20,838.55,594.4,406.5,360.075,400.45
2023-09-23,5055.525,4717.849999999999,5068.799999999999,5440.75,6009.625
2023-09-25,868.925,603.0749999999999,348.675,269.55,257.35
2023-09-28,4897.45,4671.15,4956.65,6226.7,6415.599999999999
2023-09-30,1193.2,926.55,700.6,881.5,922.7249999999999
2023-10-03,2760.675,2539.85,2495.2,4166.45,4084.6
2023-10-05,5687.75,5281.075,5478.25,6142.375,6162.7
2023-10-08,925.0749999999999,712.5,525.725,693.525,783.2
2023-10-10,771.425,514.825,302.45,271.47499999999997,299.05
2023-10-13,708.125,451.75,263.225,226.225,226.87499999999997
2023-10-15,821.7249999999999,559.9749999999999,316.65,273.8,271.17499999999995
2023-10-18,731.575,510.075,279.95,238.375,265.9
2023-10-20,6073.95,5781.3,6188.75,7006.425,7460.125
2023-10-23,6406.625,5962.775,6247.049999999999,6942.95,6881.65
2023-10-25,3657.725,3300.15,3304.2999999999997,4301.3,4727.825
2023-10-28,730.4,527.275,292.675,281.55,304.425
2023-10-30,4138.85,3798.525,3790.1749999999997,4996.675,5113.425
2023-11-02,1055.2,770.85,585.225,558.55,607.55
2023-11-04,7022.075,6630.049999999999,7056.7,7606.299999999999,8049.599999999999
2023-11-07,6554.5,6105.65,6370.775,6710.175,6856.775
2023-11-09,860.8499999999999,657.525,394.275,435.875,677.0
2023-11-12,732.025,537.05,323.425,304.25,314.55
2023-11-14,3853.975,3697.725,3821.425,5546.725,5896.45
2023-11-17,780.775,569.125,330.3,416.2,432.42499999999995
2023-11-19,5901.175,5615.75,5935.3,6624.325,7180.8
2023-11-22,3423.825,3172.85,3119.0,4326.375,4519.825
2023-11-24,823.3249999999999,577.6999999999999,326.2,315.5,324.55
2023-11-27,1323.375,1059.425,861.125,1460.3999999999999,1626.325
2023-11-29,6677.125,6305.474999999999,6638.849999999999,7246.474999999999,7626.674999999999
2023-12-02,714.525,494.59999999999997,271.2,250.54999999999998,270.625
2023-12-07,700.85,482.29999999999995,262.4,249.775,262.875
2023-12-09,8357.275,7853.049999999999,8336.324999999999,8563.025,9245.05
2023-12-12,1241.425,1027.5,816.3249999999999,1091.925,1154.175
2023-12-14,3961.0,3742.1,3771.075,4325.45,4627.5
2023-12-17,5876.075,5633.65,5889.75,6426.375,6773.5
2023-12-19,867.0749999999999,652.0749999999999,390.45,395.65,400.29999999999995
2023-12-22,7625.275,7238.9,7575.625,7349.3,8128.575
2023-12-24,2381.975,2172.325,2008.75,2782.75,2945.7
2023-12-27,7768.55,7506.849999999999,7961.55,8041.474999999999,8550.15
2023-12-29,1047.1,832.55,526.45,429.95,462.65
2024-01-01,768.425,610.975,346.125,256.7,279.2
2024-01-03,896.525,660.625,367.2,262.45,260.325
2024-01-06,1097.3,920.05,681.0,911.775,1007.8249999999999
2024-01-08,2312.625,2116.65,2014.35,2667.4249999999997,2787.45
2024-01-11,1012.275,857.275,609.325,600.225,659.95
2024-01-13,1074.1,904.0,657.2,758.025,865.6249999999999
2024-01-16,989.375,856.5749999999999,651.525,689.5749999999999,867.675
2024-01-18,1383.55,1204.25,1035.3,1382.425,1553.225
2024-01-21,5232.4,4944.525,5100.075,5750.5,6015.15
2024-01-23,804.875,587.75,328.1,237.325,239.025
2024-01-26,830.1,680.875,441.175,335.575,372.25
2024-01-28,813.5,614.425,345.275,265.45,280.125
2024-01-31,3186.0,3006.95,3120.525,3635.9249999999997,3869.6499999999996
2024-02-02,3766.9249999999997,3542.2,3628.0499999999997,4251.974999999999,4296.3
2024-02-05,2549.5,2384.1749999999997,2382.875,2638.1,3052.875
2024-02-07,960.225,739.4499999999999,433.325,287.525,302.8
2024-02-10,776.25,604.25,377.8,279.325,298.0
2024-02-12,838.475,630.575,364.95,248.675,278.125
2024-02-15,5401.8,5212.775,5558.075,5914.6,6356.424999999999
2024-02-17,824.725,628.45,361.35,257.925,269.0
2024-02-20,803.5,662.3249999999999,410.775,273.675,287.55
2024-02-22,862.65,673.525,395.575,259.725,271.425
2024-02-25,1021.1,822.4499999999999,600.35,549.175,584.0749999999999
2024-02-27,1181.925,932.175,591.05,402.85,406.05
2024-03-01,649.775,496.275,278.1,165.275,186.575
2024-03-03,3705.325,3447.225,3581.7749999999996,3574.45,4110.599999999999
2024-03-06,1348.85,1241.725,1176.675,1667.975,1431.1
2024-03-08,895.3499999999999,696.65,460.675,345.175,314.525
2024-03-11,1891.75,1668.625,1480.85,1901.0249999999999,1839.125
2024-03-13,921.4499999999999,779.35,482.075,281.75,307.025
2024-03-16,991.725,844.025,570.7,376.375,446.04999999999995
2024-03-18,1091.85,904.6,596.025,367.075,435.25
2024-03-21,3150.825,2904.6,2974.6749999999997,3498.0499999999997,3742.5
2024-03-23,1006.3249999999999,780.95,501.7,293.475,346.85
2024-03-26,996.9,872.5999999999999,605.775,383.22499999999997,500.275
2024-03-28,980.625,825.8249999999999,632.075,638.025,687.125
2024-03-31,6451.95,6186.275,6685.375,6695.45,7275.775
2024-04-02,1275.8,1047.6,792.25,951.9,975.15
2024-04-05,3275.8,3049.1,3225.525,3518.375,3864.7999999999997
2024-04-07,1136.475,815.0749999999999,568.8249999999999,454.725,507.75
2024-04-10,3552.7999999999997,3219.625,3236.825,3775.6749999999997,3836.1
2024-04-12,6149.95,5720.525,6066.525,6157.9,6522.2
2024-04-15,2328.45,2158.425,2079.5499999999997,2364.325,2491.475
2024-04-17,1076.975,942.1999999999999,705.3,430.5,418.075
2024-04-20,996.275,856.15,589.675,321.92499999999995,385.04999999999995
2024-04-22,1015.9499999999999,805.0,529.45,318.15,342.35
2024-04-25,1113.1,926.6750000000001,649.1,469.47499999999997,521.875
2024-04-27,981.15,747.175,477.85,293.35,329.22499999999997
2024-04-30,6916.5,6366.2,6808.025,6886.25,6975.799999999999
2024-05-05,5683.675,5331.425,5763.349999999999,6225.4,6616.625
2024-05-07,1009.375,744.875,462.65,283.55,293.575
2024-05-10,1023.5,764.475,476.925,289.875,327.5
2024-05-12,1114.275,791.8,498.375,282.0,318.475
2024-05-15,1029.85,758.1,488.925,245.85,328.0
2024-05-17,5478.25,4955.4,5264.9,5866.2,5950.3
2024-05-20,3514.25,3005.85,3100.9,3295.575,3589.7499999999995
2024-05-22,1097.55,753.8249999999999,471.7,272.625,278.25
2024-05-25,1075.7,788.05,500.275,268.3,284.825
2024-05-27,1831.125,1443.675,1196.85,1308.35,1231.5
2024-05-30,6328.75,5845.0,6264.175,6861.65,6866.9
